{"entities":{"pages":{"Default-topic":{"id":"Default-topic","title":"This is the first topic","url":"default-topic.html","level":0,"tabIndex":0},"Empty-MD-Topic":{"id":"Empty-MD-Topic","title":"Empty MD Topic","url":"empty-md-topic.html","level":0,"tabIndex":1},"首页":{"id":"首页","title":"首页","url":"首页.html","level":0,"tabIndex":2},"Empty-XML-Topic":{"id":"Empty-XML-Topic","title":"Empty XML Topic","url":"empty-xml-topic.html","level":0,"tabIndex":3},"Starter":{"id":"Starter","title":"Starter","url":"starter.html","level":0,"tabIndex":4},"Tutorial":{"id":"Tutorial","title":"Tutorial","url":"tutorial.html","level":0,"tabIndex":5}}},"topLevelIds":["Default-topic","Empty-MD-Topic","首页","Empty-XML-Topic","Starter","Tutorial"]}